0,Undefined,0,0.564213,2
1,Undefined,0,1.075345,5
2,Undefined,0,0.0608,3
3,Undefined,0,0.144061,4
4,Undefined,0,0.06433,2
5,Undefined,0,0.02682,1
6,Undefined,0,0.01072,1
7,Undefined,0,0.064421,3
8,Undefined,0,0.08441,3
9,Undefined,0,0.081451,5
10,Undefined,0,0.06249,3
11,Undefined,0,0.09813,8
12,Undefined,0,0.065541,3
13,Undefined,0,0.08401,3
14,Undefined,0,0.01324,2
15,Undefined,0,0.05416,4
16,Undefined,1,0.04655,2
17,Undefined,0,0.07489,2
18,Undefined,0,0.00395,1
19,Undefined,0,0.10677,6
20,Undefined,0,0.00662,1
21,Undefined,0,0.068521,4
22,Undefined,0,0.092041,8
23,Undefined,0,0.00612,1
24,Undefined,0,0.052691,3
25,Undefined,0,0.044471,3
26,Undefined,0,0.09307,7
27,Undefined,0,0.0308,4
28,Undefined,0,0.05016,2
29,Undefined,0,0.02713,3
30,Undefined,0,0.054141,2
31,Undefined,0,0.01376,2
32,Undefined,0,0.05924,3
33,Undefined,0,0.0925,6
34,Undefined,0,0.140311,10
35,Undefined,0,0.07722,4
36,Undefined,0,0.01592,2
37,Undefined,0,0.06443,5
38,Undefined,0,0.08096,5
39,Undefined,0,0.1177,12
40,Undefined,0,0.00828,2
41,Undefined,0,0.02764,4
42,Undefined,0,0.00353,1
43,Undefined,0,0.02288,4
44,Undefined,0,0.01794,2
45,Undefined,0,0.0182,3
46,Undefined,0,0.02428,8
47,Undefined,0,0.01471,3
48,Undefined,0,0.0057,2
49,Undefined,0,0.03192,10
50,Undefined,0,0.04024,11
51,Undefined,0,0.01431,2
52,Undefined,0,0.02029,2
53,Undefined,0,0.0244,7
54,Undefined,0,0.02259,5
55,Undefined,0,0.03133,4
56,Undefined,0,0.00334,1
57,Undefined,0,0.010871,3
58,Undefined,0,0.01287,3
59,Undefined,0,0.00967,4
60,Undefined,0,0.01761,5
61,Undefined,0,0.025741,8
62,Undefined,0,0.01421,2
63,Undefined,0,0.02112,6
64,Undefined,0,0.03362,2
65,Undefined,0,0.02184,6
66,Undefined,0,0.02263,2
67,Undefined,0,0.021151,6
68,Undefined,0,0.018691,4
69,Undefined,0,0.01147,2
70,Undefined,0,0.02201,5
71,Undefined,0,0.01321,3
72,Undefined,0,0.0174,2
73,Undefined,0,0.0162,5
74,Undefined,0,0.00273,1
75,Undefined,0,0.00912,2
76,Undefined,0,0.01304,3
77,Undefined,0,0.01425,3
78,Undefined,0,0.01666,4
79,Undefined,0,0.019471,4
80,Undefined,0,0.01368,4
81,Undefined,0,0.04729,9
82,Undefined,0,0.02546,8
83,Undefined,0,0.01473,2
84,Undefined,0,0.00497,2
85,Undefined,0,0.00513,2
86,Undefined,0,0.02709,8
87,Undefined,0,0.00319,1
88,Undefined,0,0.01918,5
89,Undefined,0,0.00952,3
90,Undefined,0,0.00295,1
91,Undefined,0,0.01285,2
92,Undefined,0,0.0131,3
93,Undefined,0,0.01958,4
94,Undefined,0,0.02462,9
95,Undefined,0,0.007,3
96,Undefined,0,0.00312,1
97,Undefined,0,0.01215,6
98,Undefined,0,0.00546,2
99,Undefined,0,0.05665,3
100,Undefined,0,0.01237,3
101,Undefined,0,0.01514,3
102,Undefined,0,0.00255,1
103,Undefined,0,0.02016,4
104,Undefined,0,0.04191,4
105,Undefined,0,0.01165,3
106,Undefined,0,0.00544,2
107,Undefined,0,0.01508,2
108,Undefined,0,0.01112,7
109,Undefined,0,0.016341,4
110,Undefined,0,0.00113,1
111,Undefined,0,0.01101,3
112,Undefined,0,0.012841,8
113,Undefined,0,0.0087,1
114,Undefined,0,0.01442,5
115,Undefined,0,0.0127,4
116,Undefined,0,0.00822,6
117,Undefined,0,0.00119,1
118,Undefined,0,0.00686,3
119,Undefined,0,0.01555,5
120,Undefined,0,0.00217,2
121,Undefined,0,0.01299,3
122,Undefined,0,0.01103,3
123,Undefined,0,0.01343,5
124,Undefined,0,0.00646,3
125,Undefined,0,0.00958,3
126,Undefined,0,0.00724,3
127,Undefined,0,0.01368,3
128,Undefined,0,0.02285,5
129,Undefined,0,0.01165,2
130,Undefined,0,0.01005,4
131,Undefined,0,0.01601,6
132,Undefined,0,0.00137,1
133,Undefined,0,0.00961,5
134,Undefined,0,0.01703,5
135,Undefined,0,0.00868,3
136,Undefined,0,0.00213,2
137,Undefined,0,0.01741,2
138,Undefined,0,0.01207,8
139,Undefined,0,0.01631,4
140,Undefined,0,0.01162,5
141,Undefined,0,0.00952,3
142,Undefined,0,0.00855,7
143,Undefined,0,0.0053,6
144,Undefined,0,0.0107,4
145,Undefined,0,0.00726,3
146,Undefined,0,0.0099,2
147,Undefined,0,0.025431,6
148,Undefined,0,0.00526,2
149,Undefined,0,0.00862,4
150,Undefined,0,0.01074,3
151,Undefined,0,0.00722,2
152,Undefined,0,0.00973,3
153,Undefined,0,0.00583,4
154,Undefined,0,0.00397,4
155,Undefined,0,0.01213,2
156,Undefined,0,0.01671,7
157,Undefined,0,0.00971,6
158,Undefined,0,0.01068,2
159,Undefined,0,0.0124,9
160,Undefined,0,0.01231,2
161,Undefined,0,0.0061,3
162,Undefined,0,0.01593,7
163,Undefined,0,0.01059,2
164,Undefined,0,0.02785,8
165,Undefined,0,0.01354,3
166,Undefined,0,0.01138,6
167,Undefined,0,0.0136,6
168,Undefined,0,0.01009,5
169,Undefined,0,0.00968,2
170,Undefined,0,0.01093,5
171,Undefined,0,0.00886,4
172,Undefined,0,9.7E-4,1
173,Undefined,0,0.01188,5
174,Undefined,0,0.00115,1
175,Undefined,0,0.01066,5
176,Undefined,0,0.01375,8
177,Undefined,0,0.008711,3
178,Undefined,0,0.01566,6
179,Undefined,0,0.01559,6
180,Undefined,0,0.0051,5
181,Undefined,0,0.00151,1
182,Undefined,0,0.00215,2
183,Undefined,0,0.00676,2
184,Undefined,0,8.3E-4,1
185,Undefined,0,0.01035,4
186,Undefined,0,0.00115,1
187,Undefined,0,0.0104,2
188,Undefined,0,0.01021,7
189,Undefined,0,0.01288,3
190,Undefined,0,0.01072,4
191,Undefined,0,0.00353,3
192,Undefined,0,0.01667,6
193,Undefined,0,0.00865,3
194,Undefined,0,0.0077,3
195,Undefined,0,0.0012,1
196,Undefined,0,0.01745,8
197,Undefined,0,0.01288,3
198,Undefined,0,0.0209,9
199,Undefined,0,0.01502,7
200,Undefined,0,0.01155,4
201,Undefined,0,0.066271,7
202,Undefined,0,0.00111,1
203,Undefined,0,0.01617,5
204,Undefined,0,0.00195,2
205,Undefined,0,0.0167,10
206,Undefined,0,0.01707,8
207,Undefined,0,0.01421,5
208,Undefined,0,0.00689,3
209,Undefined,0,0.01381,5
210,Undefined,0,0.0133,7
211,Undefined,0,0.02263,10
212,Undefined,0,0.0011,1
213,Undefined,0,0.00984,6
214,Undefined,0,0.00827,2
215,Undefined,0,0.0152,8
216,Undefined,0,0.00109,1
217,Undefined,0,0.00125,1
218,Undefined,1,0.02077,6
219,Undefined,0,0.01083,2
220,Undefined,0,0.00791,2
221,Undefined,0,0.01383,5
222,Undefined,0,0.00522,6
223,Undefined,0,0.0146,6
224,Undefined,0,0.01217,6
225,Undefined,0,0.01529,6
226,Undefined,0,0.01381,6
227,Undefined,0,0.01928,6
228,Undefined,0,0.00134,1
229,Undefined,0,0.01179,2
230,Undefined,0,0.00992,5
231,Undefined,0,0.00302,3
232,Undefined,0,0.0063,3
233,Undefined,0,0.008861,3
234,Undefined,0,0.01489,6
235,Undefined,0,0.00982,4
236,Undefined,0,0.0109,5
237,Undefined,0,0.00457,2
238,Undefined,0,0.01116,6
239,Undefined,0,0.01789,9
240,Undefined,0,0.00576,2
241,Undefined,0,0.01521,5
242,Undefined,0,0.01005,4
243,Undefined,0,0.00669,3
244,Undefined,0,0.00214,2
245,Undefined,0,0.00816,4
246,Undefined,0,0.00219,2
247,Undefined,0,0.00135,1
248,Undefined,0,0.01469,4
249,Undefined,0,0.01587,3
250,Undefined,0,0.01043,4
251,Undefined,0,0.01627,9
252,Undefined,0,0.007711,2
253,Undefined,0,0.01433,7
254,Undefined,0,0.00186,2
255,Undefined,0,0.01181,2
256,Undefined,0,0.00113,1
257,Undefined,0,0.0065,3
258,Undefined,0,0.00105,1
259,Undefined,0,0.096101,4
260,Undefined,0,0.01743,9
261,Undefined,0,7.0E-4,1
262,Undefined,0,0.0193,8
263,Undefined,0,0.01432,7
264,Undefined,0,0.01398,4
265,Undefined,0,0.00942,4
266,Undefined,0,0.02916,4
267,Undefined,0,0.01072,5
268,Undefined,0,0.01803,13
269,Undefined,0,0.01316,3
270,Undefined,0,0.00119,1
271,Undefined,0,0.00594,2
272,Undefined,0,0.012,4
273,Undefined,0,0.00729,2
274,Undefined,0,0.01652,7
275,Undefined,0,0.01189,5
276,Undefined,0,0.01116,5
277,Undefined,0,0.03831,3
278,Undefined,0,0.01277,8
279,Undefined,0,0.01212,3
280,Undefined,0,0.00964,4
281,Undefined,0,0.01296,6
282,Undefined,0,0.004211,2
283,Undefined,0,0.00191,2
284,Undefined,0,0.01563,5
285,Undefined,0,0.01268,5
286,Undefined,0,0.017041,7
287,Undefined,0,0.01183,2
288,Undefined,0,0.00957,3
289,Undefined,0,0.00296,3
290,Undefined,0,0.011191,3
291,Undefined,0,0.00874,2
292,Undefined,0,0.0023,2
293,Undefined,0,0.00379,2
294,Undefined,0,0.0104,5
295,Undefined,0,0.01094,3
296,Undefined,0,9.3E-4,1
297,Undefined,0,0.01207,6
298,Undefined,0,0.01546,5
299,Undefined,0,9.7E-4,1
300,Undefined,0,0.01531,7
301,Undefined,0,0.00891,3
302,Undefined,0,0.00144,1
303,Undefined,0,0.01617,3
304,Undefined,0,0.00151,1
305,Undefined,0,0.00816,5
306,Undefined,0,0.01287,2
307,Undefined,0,0.0146,6
308,Undefined,0,0.010291,5
309,Undefined,0,0.01432,2
310,Undefined,0,0.02606,2
311,Undefined,0,0.0058,2
312,Undefined,0,0.01148,2
313,Undefined,0,7.9E-4,1
314,Undefined,0,0.00972,3
315,Undefined,1,0.01394,2
316,Undefined,0,0.01082,4
317,Undefined,0,0.01119,6
318,Undefined,0,0.01065,3
319,Undefined,0,0.009111,5
320,Undefined,0,0.01416,5
321,Undefined,0,0.01121,4
322,Undefined,0,0.01254,4
323,Undefined,0,0.01398,8
324,Undefined,0,0.00679,2
325,Undefined,0,0.01382,6
326,Undefined,0,0.00849,3
327,Undefined,0,0.01197,4
328,Undefined,0,0.01858,4
329,Undefined,0,0.01358,2
330,Undefined,0,0.00853,3
331,Undefined,0,0.01554,5
332,Undefined,0,0.01081,4
333,Undefined,0,0.01219,7
334,Undefined,0,0.01315,3
335,Undefined,0,0.00947,4
336,Undefined,0,0.02025,11
337,Undefined,0,0.01082,6
338,Undefined,0,0.01435,6
339,Undefined,0,0.01318,4
340,Undefined,0,0.01087,4
341,Undefined,0,0.01924,11
342,Undefined,0,0.01067,5
343,Undefined,0,0.01186,2
344,Undefined,0,0.00236,2
345,Undefined,0,0.00146,1
346,Undefined,0,0.00114,1
347,Undefined,0,0.01263,4
348,Undefined,0,0.0087,3
349,Undefined,0,0.020431,4
350,Undefined,0,8.0E-4,1
351,Undefined,0,0.01031,6
352,Undefined,0,0.01668,7
353,Undefined,0,0.0049,3
354,Undefined,0,0.01341,3
355,Undefined,0,0.01296,8
356,Undefined,0,0.00919,3
357,Undefined,0,0.00882,5
358,Undefined,0,0.00104,1
359,Undefined,0,0.00853,2
360,Undefined,0,0.01209,3
361,Undefined,0,0.00297,3
362,Undefined,0,0.00262,1
363,Undefined,0,0.02879,5
364,Undefined,0,0.0139,6
365,Undefined,0,0.01456,5
366,Undefined,0,0.00378,4
367,Undefined,0,0.00395,3
368,Undefined,0,0.00913,2
369,Undefined,0,0.01881,9
370,Undefined,0,0.00201,2
371,Undefined,0,0.01741,2
372,Undefined,0,0.00241,2
373,Undefined,0,0.007421,2
374,Undefined,0,0.01158,4
375,Undefined,0,0.008241,4
376,Undefined,0,0.01455,5
377,Undefined,0,0.01658,7
378,Undefined,0,0.01108,6
379,Undefined,0,0.01387,4
380,Undefined,0,0.00314,3
381,Undefined,0,0.00829,2
382,Undefined,0,8.8E-4,1
383,Undefined,0,0.00807,2
384,Undefined,0,0.00568,6
385,Undefined,0,0.00129,1
386,Undefined,0,0.016201,7
387,Undefined,0,0.00528,2
388,Undefined,0,0.01828,8
389,Undefined,0,0.0098,3
390,Undefined,0,0.007401,4
391,Undefined,0,0.06365,7
392,Undefined,0,0.00121,1
393,Undefined,0,0.00239,2
394,Undefined,0,0.01177,5
395,Undefined,0,0.070861,4
396,Undefined,0,0.00953,3
397,Undefined,0,0.01204,5
398,Undefined,0,0.01011,5
399,Undefined,0,0.01465,3
400,Undefined,0,0.00847,3
401,Undefined,0,0.01324,5
402,Undefined,0,0.01485,4
403,Undefined,0,0.00289,2
404,Undefined,0,0.01423,5
405,Undefined,0,0.01834,8
406,Undefined,0,0.00947,6
407,Undefined,0,0.00395,4
408,Undefined,0,0.00145,1
409,Undefined,0,0.01075,2
410,Undefined,0,0.01259,7
411,Undefined,0,0.00506,5
412,Undefined,0,0.0112,3
413,Undefined,0,0.01138,2
414,Undefined,0,0.0012,1
415,Undefined,0,0.01003,4
416,Undefined,0,0.01607,4
417,Undefined,0,0.00767,2
418,Undefined,0,0.01518,4
419,Undefined,0,0.00343,3
420,Undefined,0,0.014811,5
421,Undefined,0,0.01166,2
422,Undefined,0,0.01206,2
423,Undefined,0,0.01815,5
424,Undefined,0,0.01393,3
425,Undefined,0,0.0702,2
426,Undefined,0,0.01269,3
427,Undefined,0,0.00126,1
428,Undefined,0,0.01031,5
429,Undefined,0,0.01225,8
430,Undefined,0,0.084001,8
431,Undefined,0,0.00529,5
432,Undefined,0,0.00873,3
433,Undefined,0,0.01458,4
434,Undefined,0,0.011881,3
435,Undefined,0,0.01156,5
436,Undefined,0,0.01578,6
437,Undefined,0,0.00956,3
438,Undefined,0,0.01374,3
439,Undefined,0,0.01653,6
440,Undefined,0,0.00701,3
441,Undefined,0,0.01736,7
442,Undefined,0,0.00931,3
443,Undefined,0,0.03196,10
444,Undefined,0,0.00742,2
445,Undefined,0,0.01585,6
446,Undefined,0,0.01331,5
447,Undefined,0,0.01279,6
448,Undefined,0,0.02306,4
449,Undefined,0,0.00958,5
450,Undefined,0,0.0156,4
451,Undefined,0,0.00763,2
452,Undefined,0,0.01386,3
453,Undefined,0,0.0091,5
454,Undefined,0,0.00711,3
455,Undefined,0,0.01375,7
456,Undefined,0,0.00803,2
457,Undefined,0,0.00645,2
458,Undefined,0,0.070801,8
459,Undefined,0,0.00802,5
460,Undefined,0,0.0096,4
461,Undefined,0,0.01356,5
462,Undefined,0,0.00197,2
463,Undefined,0,9.3E-4,1
464,Undefined,0,0.00814,5
465,Undefined,0,0.01211,2
466,Undefined,0,0.01454,6
467,Undefined,0,0.00976,4
468,Undefined,0,0.01166,3
469,Undefined,0,0.00461,5
470,Undefined,0,0.01073,6
471,Undefined,0,0.01059,4
472,Undefined,0,0.01688,5
473,Undefined,0,0.011231,6
474,Undefined,0,0.01292,5
475,Undefined,0,0.00959,3
476,Undefined,0,0.01282,3
477,Undefined,0,0.01062,6
478,Undefined,0,0.01563,10
479,Undefined,0,0.01094,2
480,Undefined,0,0.00197,2
481,Undefined,0,0.00779,3
482,Undefined,0,0.00318,3
483,Undefined,0,0.00601,1
484,Undefined,0,0.00126,1
485,Undefined,0,0.01084,5
486,Undefined,0,0.014461,8
487,Undefined,0,0.00844,2
488,Undefined,0,0.127,5
489,Undefined,0,0.0091,6
490,Undefined,0,0.01443,3
491,Undefined,0,0.00974,8
492,Undefined,0,0.01362,8
493,Undefined,0,0.01315,3
494,Undefined,0,0.02602,8
495,Undefined,0,0.01137,3
496,Undefined,0,0.004,4
497,Undefined,0,0.01095,3
498,Undefined,0,0.0078,2
499,Undefined,0,0.00722,3
500,Undefined,0,0.05471,5
501,Undefined,0,0.01287,4
502,Undefined,0,0.01112,7
503,Undefined,0,0.01298,4
504,Undefined,0,0.0117,7
505,Undefined,0,0.01524,10
506,Undefined,0,0.00959,4
507,Undefined,0,0.00831,2
508,Undefined,0,0.00887,2
509,Undefined,0,0.01371,4
510,Undefined,0,0.01687,7
511,Undefined,0,0.01002,5
512,Undefined,0,0.0152,6
513,Undefined,0,0.0099,4
514,Undefined,0,0.01347,4
515,Undefined,0,0.05889,4
516,Undefined,0,0.0096,4
517,Undefined,0,0.001,1
518,Undefined,0,0.01369,4
519,Undefined,0,0.01215,5
520,Undefined,0,0.01991,3
521,Undefined,0,0.00782,5
522,Undefined,0,0.01479,5
523,Undefined,0,0.00779,2
524,Undefined,0,0.0172,3
525,Undefined,0,0.01145,6
526,Undefined,0,0.01409,8
527,Undefined,0,0.026181,15
528,Undefined,0,0.01407,4
529,Undefined,0,9.4E-4,1
530,Undefined,0,0.068,5
531,Undefined,0,0.00108,1
532,Undefined,0,0.01589,6
533,Undefined,0,0.01638,9
534,Undefined,0,0.00108,1
535,Undefined,0,0.01516,5
536,Undefined,0,0.01599,7
537,Undefined,0,8.0E-4,1
538,Undefined,0,0.013711,4
539,Undefined,0,0.00971,5
540,Undefined,0,0.01124,2
541,Undefined,0,0.01067,3
542,Undefined,0,0.01552,6
543,Undefined,0,0.01057,4
544,Undefined,0,0.01491,3
545,Undefined,0,0.013151,4
546,Undefined,0,0.01086,6
547,Undefined,0,0.01289,3
548,Undefined,0,0.00626,2
549,Undefined,0,0.01289,7
550,Undefined,0,0.01376,8
551,Undefined,0,0.01918,10
552,Undefined,0,0.01052,5
553,Undefined,0,0.00675,4
554,Undefined,0,0.0011,1
555,Undefined,0,0.007891,6
556,Undefined,0,0.01442,7
557,Undefined,0,0.00672,2
558,Undefined,0,0.01625,7
559,Undefined,0,0.03087,8
560,Undefined,0,0.0167,10
561,Undefined,0,0.00835,3
562,Undefined,0,9.6E-4,1
563,Undefined,0,0.01436,6
564,Undefined,0,0.00838,2
565,Undefined,0,0.01897,5
566,Undefined,0,0.00835,2
567,Undefined,0,0.01483,5
568,Undefined,0,0.01646,3
569,Undefined,0,0.013791,3
570,Undefined,0,0.01613,2
571,Undefined,0,0.03741,5
572,Undefined,0,0.01171,2
573,Undefined,0,0.00907,3
574,Undefined,0,0.01331,4
575,Undefined,0,0.01294,4
576,Undefined,0,0.01693,6
577,Undefined,0,0.01299,5
578,Undefined,0,0.00874,2
579,Undefined,0,0.00202,2
580,Undefined,0,0.00314,3
581,Undefined,0,0.01641,6
582,Undefined,0,0.00153,1
583,Undefined,0,0.01918,9
584,Undefined,0,0.00765,2
585,Undefined,0,0.01777,3
586,Undefined,0,0.00766,2
587,Undefined,0,0.01172,3
588,Undefined,0,0.01234,7
589,Undefined,0,0.00105,1
590,Undefined,0,0.01085,2
591,Undefined,0,0.01919,11
592,Undefined,0,0.00514,5
593,Undefined,0,0.00962,3
594,Undefined,0,0.01166,2
595,Undefined,0,0.00851,3
596,Undefined,0,0.01189,8
597,Undefined,0,0.01349,4
598,Undefined,0,0.0076,2
599,Undefined,0,0.0129,4
600,Undefined,0,0.00744,3
601,Undefined,0,0.01273,4
602,Undefined,0,0.00684,3
603,Undefined,0,0.0165,8
604,Undefined,0,0.00754,3
605,Undefined,0,0.03212,3
606,Undefined,0,0.014371,7
607,Undefined,0,0.01525,4
608,Undefined,0,0.01666,9
609,Undefined,0,0.00929,3
610,Undefined,0,0.014171,4
611,Undefined,0,0.00713,2
612,Undefined,0,0.01274,2
613,Undefined,0,0.0031,3
614,Undefined,0,9.2E-4,1
615,Undefined,0,0.00691,2
616,Undefined,0,0.01489,6
617,Undefined,0,0.00231,2
618,Undefined,0,0.02446,3
619,Undefined,0,0.01003,4
620,Undefined,0,0.01753,6
621,Undefined,0,0.00132,1
622,Undefined,0,0.011591,5
623,Undefined,0,0.0066,2
624,Undefined,0,0.01231,7
625,Undefined,0,0.00374,4
626,Undefined,0,0.00696,2
627,Undefined,0,0.00101,1
628,Undefined,0,0.01984,5
629,Undefined,0,0.00791,2
630,Undefined,0,0.010281,3
631,Undefined,0,0.01503,2
632,Undefined,0,0.03263,2
633,Undefined,0,0.0096,5
634,Undefined,0,0.01135,6
635,Undefined,0,0.00524,2
636,Undefined,0,0.01411,4
637,Undefined,0,0.0016,2
638,Undefined,0,0.00205,3
639,Undefined,0,0.01144,3
640,Undefined,0,0.02488,4
641,Undefined,0,0.00644,3
642,Undefined,0,0.00148,2
643,Undefined,0,7.1E-4,1
644,Undefined,0,0.00305,3
645,Undefined,0,0.00178,3
646,Undefined,0,0.00492,7
647,Undefined,0,0.0062,6
648,Undefined,0,0.00323,4
649,Undefined,0,4.9E-4,1
650,Undefined,0,7.4E-4,1
651,Undefined,0,0.00709,2
652,Undefined,0,0.0042,4
653,Undefined,0,0.00764,4
654,Undefined,0,0.00509,5
655,Undefined,0,0.00718,2
656,Undefined,0,0.00897,8
657,Undefined,0,0.00353,2
658,Undefined,0,0.00351,4
659,Undefined,0,0.00448,5
660,Undefined,0,0.00842,6
661,Undefined,0,0.0026,2
662,Undefined,0,0.00408,3
663,Undefined,0,0.00472,4
664,Undefined,0,0.01775,4
665,Undefined,0,0.00517,5
666,Undefined,0,0.00792,6
667,Undefined,0,0.00364,2
668,Undefined,0,0.006681,3
669,Undefined,0,0.00227,4
670,Undefined,0,0.01428,6
671,Undefined,0,0.00719,11
672,Undefined,0,0.00743,3
673,Undefined,0,0.00393,3
674,Undefined,0,0.00645,2
675,Undefined,0,0.07709,3
676,Undefined,0,0.00102,1
677,Undefined,0,0.01028,9
678,Undefined,0,0.00961,8
679,Undefined,0,0.00324,4
680,Undefined,0,0.00919,6
681,Undefined,0,0.00309,3
682,Undefined,0,0.00355,2
683,Undefined,0,0.00756,6
684,Undefined,0,0.01057,9
685,Undefined,0,0.00406,3
686,Undefined,0,0.00763,2
687,Undefined,0,0.00131,2
688,Undefined,0,0.00371,3
689,Undefined,0,0.00466,4
690,Undefined,0,0.00224,3
691,Undefined,0,0.01373,2
692,Undefined,0,0.00418,5
693,Undefined,0,0.00884,5
694,Undefined,0,0.00454,5
695,Undefined,0,0.00775,2
696,Undefined,0,0.00317,2
697,Undefined,0,0.00774,4
698,Undefined,0,0.00338,3
699,Undefined,0,0.00457,6
700,Undefined,0,0.00805,6
701,Undefined,0,0.00333,3
702,Undefined,0,0.00891,5
703,Undefined,0,0.00324,3
704,Undefined,0,6.4E-4,1
705,Undefined,0,0.00594,4
706,Undefined,0,0.00375,4
707,Undefined,0,5.7E-4,1
708,Undefined,0,0.00659,2
709,Undefined,0,0.00591,3
710,Undefined,1,0.0078,5
711,Undefined,0,0.00754,8
712,Undefined,0,0.00373,3
713,Undefined,0,0.01395,16
714,Undefined,0,0.0025,2
715,Undefined,0,0.00661,2
716,Undefined,0,0.00357,3
717,Undefined,0,0.00781,4
718,Undefined,0,0.00371,4
719,Undefined,0,0.00828,6
720,Undefined,0,0.00754,5
721,Undefined,0,0.00327,3
722,Undefined,0,0.00602,4
723,Undefined,0,0.00338,8
724,Undefined,0,0.00536,3
725,Undefined,0,0.00527,6
726,Undefined,0,0.00615,2
727,Undefined,0,0.00268,2
728,Undefined,0,0.00598,5
729,Undefined,0,0.00366,3
730,Undefined,0,0.00867,8
731,Undefined,0,6.4E-4,1
732,Undefined,0,0.00388,6
733,Undefined,0,0.0029,2
734,Undefined,0,0.00317,5
735,Undefined,0,4.3E-4,1
736,Undefined,0,3.3E-4,1
737,Undefined,0,0.00561,4
738,Undefined,0,0.060341,5
739,Undefined,0,0.00477,7
740,Undefined,0,0.00514,4
741,Undefined,0,0.00111,2
742,Undefined,0,0.00633,8
743,Undefined,0,0.00439,8
744,Undefined,0,0.0045,4
745,Undefined,0,0.00358,5
746,Undefined,0,0.00534,2
747,Undefined,0,0.00383,4
748,Undefined,0,0.00577,2
749,Undefined,0,0.00268,3
750,Undefined,0,0.00808,12
751,Undefined,0,0.00472,3
752,Undefined,0,0.00264,3
753,Undefined,0,0.00532,4
754,Undefined,0,0.00288,3
755,Undefined,0,0.0071,5
756,Undefined,0,0.02091,2
757,Undefined,0,0.00555,4
758,Undefined,0,0.00122,3
759,Undefined,0,0.00272,3
760,Undefined,0,0.00647,7
761,Undefined,0,0.00263,4
762,Undefined,0,0.00376,3
763,Undefined,0,0.00277,2
764,Undefined,0,0.00748,8
765,Undefined,0,0.00379,4
766,Undefined,0,0.00284,3
767,Undefined,0,0.00233,4
768,Undefined,0,0.00815,6
769,Undefined,0,0.00753,5
770,Undefined,0,0.0054,5
771,Undefined,0,0.00113,2
772,Undefined,0,0.00642,3
773,Undefined,0,7.2E-4,1
774,Undefined,0,0.00597,3
775,Undefined,0,0.00408,4
776,Undefined,0,0.00728,7
777,Undefined,0,6.9E-4,1
778,Undefined,0,0.00552,7
779,Undefined,0,0.00683,3
780,Undefined,0,0.00367,4
781,Undefined,0,0.00767,7
782,Undefined,0,0.0031,4
783,Undefined,0,6.6E-4,1
784,Undefined,0,0.00769,5
785,Undefined,0,0.00343,2
786,Undefined,0,0.00393,4
787,Undefined,0,0.00737,5
788,Undefined,0,0.00345,2
789,Undefined,0,0.00702,6
790,Undefined,0,0.00314,2
791,Undefined,0,0.00729,5
792,Undefined,0,0.00455,4
793,Undefined,0,0.00789,7
794,Undefined,0,0.00349,3
795,Undefined,0,0.00768,5
796,Undefined,0,0.00404,4
797,Undefined,0,0.00643,2
798,Undefined,0,0.00553,6
799,Undefined,0,0.00416,3
800,Undefined,0,0.00653,11
801,Undefined,0,0.009291,9
802,Undefined,0,0.00309,2
803,Undefined,0,0.00638,3
804,Undefined,0,0.00382,4
805,Undefined,0,0.00764,5
806,Undefined,0,0.00707,3
807,Undefined,0,6.2E-4,1
808,Undefined,0,0.00586,6
809,Undefined,0,0.00718,4
810,Undefined,0,0.00311,2
811,Undefined,0,0.00695,6
812,Undefined,0,0.01129,2
813,Undefined,0,0.00424,4
814,Undefined,0,6.5E-4,1
815,Undefined,0,0.00213,2
816,Undefined,0,6.0E-4,1
817,Undefined,0,0.00455,5
818,Undefined,0,0.00715,4
819,Undefined,0,0.00866,6
820,Undefined,0,0.00493,5
821,Undefined,0,0.01083,9
822,Undefined,0,0.00331,5
823,Undefined,0,0.00698,5
824,Undefined,0,0.00333,3
825,Undefined,0,0.00434,6
826,Undefined,0,0.00856,5
827,Undefined,0,0.00329,2
828,Undefined,0,0.00926,5
829,Undefined,0,0.00308,2
830,Undefined,0,6.3E-4,1
831,Undefined,0,0.00449,7
832,Undefined,0,0.004,5
833,Undefined,0,0.00402,5
834,Undefined,0,0.00735,4
835,Undefined,0,0.00454,4
836,Undefined,0,0.00854,4
837,Undefined,0,0.00445,7
838,Undefined,0,0.00445,5
839,Undefined,0,0.00953,9
840,Undefined,0,0.00428,6
841,Undefined,0,0.008391,8
842,Undefined,0,0.0036,3
843,Undefined,0,0.00336,2
844,Undefined,0,5.9E-4,1
845,Undefined,0,0.01041,7
846,Undefined,0,0.005521,8
847,Undefined,0,0.00768,4
848,Undefined,0,0.00285,2
849,Undefined,0,0.00446,5
850,Undefined,0,0.00948,3
851,Undefined,0,0.00474,6
852,Undefined,0,6.6E-4,1
853,Undefined,0,0.01188,2
854,Undefined,0,0.0045,5
855,Undefined,0,0.00407,1
856,Undefined,0,0.00307,6
857,Undefined,0,0.00317,3
858,Undefined,0,0.008401,8
859,Undefined,0,0.00299,3
860,Undefined,0,6.8E-4,1
861,Undefined,0,0.00688,3
862,Undefined,0,0.00295,7
863,Undefined,0,0.00728,3
864,Undefined,0,6.0E-4,1
865,Undefined,0,0.00381,5
866,Undefined,0,0.00597,2
867,Undefined,0,5.7E-4,1
868,Undefined,0,0.00291,2
869,Undefined,0,0.00809,8
870,Undefined,0,0.00828,6
871,Undefined,0,0.00299,3
872,Undefined,0,0.00787,4
873,Undefined,0,0.00378,5
874,Undefined,0,0.00734,5
875,Undefined,0,9.6E-4,2
876,Undefined,0,0.0029,2
877,Undefined,0,0.00764,2
878,Undefined,0,0.00252,2
879,Undefined,0,0.00889,7
880,Undefined,0,0.00906,10
881,Undefined,0,0.00111,2
882,Undefined,0,0.00363,3
883,Undefined,0,0.02052,3
884,Undefined,0,0.00372,4
885,Undefined,0,0.00668,3
886,Undefined,0,0.0036,3
887,Undefined,0,0.00635,2
888,Undefined,0,0.00903,9
889,Undefined,0,0.00962,2
890,Undefined,0,0.00734,6
891,Undefined,0,0.00392,4
892,Undefined,0,0.00831,5
893,Undefined,0,0.00688,4
894,Undefined,0,0.00353,3
895,Undefined,0,0.00302,8
896,Undefined,0,0.00768,3
897,Undefined,0,0.00329,2
898,Undefined,0,0.00324,3
899,Undefined,0,0.00361,5
900,Undefined,0,0.0049,7
901,Undefined,0,0.00261,4
902,Undefined,0,0.00716,3
903,Undefined,0,0.00287,2
904,Undefined,0,0.0079,4
905,Undefined,0,0.00396,5
906,Undefined,0,0.00725,3
907,Undefined,0,0.00597,5
908,Undefined,0,0.00249,3
909,Undefined,0,0.00107,2
910,Undefined,0,6.4E-4,1
911,Undefined,0,6.6E-4,1
912,Undefined,0,0.00855,4
913,Undefined,0,0.00127,3
914,Undefined,0,0.00332,4
915,Undefined,0,0.01188,17
916,Undefined,0,0.007921,7
917,Undefined,0,0.00319,2
918,Undefined,0,0.0061,3
919,Undefined,0,0.00366,4
920,Undefined,0,0.00625,5
921,Undefined,0,4.9E-4,1
922,Undefined,0,0.00223,5
923,Undefined,0,0.00105,2
924,Undefined,0,0.0066,2
925,Undefined,0,0.00597,8
926,Undefined,0,5.4E-4,1
927,Undefined,0,4.9E-4,1
928,Undefined,0,0.00276,2
929,Undefined,0,0.00658,4
930,Undefined,0,0.00308,2
931,Undefined,0,0.00849,6
932,Undefined,0,0.00104,2
933,Undefined,0,5.8E-4,1
934,Undefined,0,0.00217,2
935,Undefined,0,0.00797,2
936,Undefined,0,0.00248,3
937,Undefined,0,5.0E-4,1
938,Undefined,0,0.00677,2
939,Undefined,0,6.2E-4,1
940,Undefined,0,0.00349,2
941,Undefined,0,0.00614,2
942,Undefined,0,0.00536,7
943,Undefined,0,0.00937,10
944,Undefined,0,0.00608,4
945,Undefined,0,0.0036,4
946,Undefined,0,0.00778,5
947,Undefined,0,0.00367,3
948,Undefined,0,0.00653,3
949,Undefined,0,0.05604,2
950,Undefined,0,0.00672,4
951,Undefined,0,0.00333,2
952,Undefined,0,0.00373,4
953,Undefined,0,0.00963,7
954,Undefined,0,0.00558,9
955,Undefined,0,0.00808,3
956,Undefined,0,0.00367,3
957,Undefined,0,0.00505,7
958,Undefined,0,0.00634,5
959,Undefined,0,6.4E-4,1
960,Undefined,0,0.00429,5
961,Undefined,0,0.071821,4
962,Undefined,0,0.00571,13
963,Undefined,0,0.00279,2
964,Undefined,0,0.00813,9
965,Undefined,0,0.00499,9
966,Undefined,0,0.01893,7
967,Undefined,0,0.00295,3
968,Undefined,0,0.00532,1
969,Undefined,0,0.00446,9
970,Undefined,0,0.0029,5
971,Undefined,0,5.7E-4,1
972,Undefined,0,0.00377,6
973,Undefined,0,0.00488,5
974,Undefined,0,5.8E-4,1
975,Undefined,0,0.00501,6
976,Undefined,0,0.0094,10
977,Undefined,0,5.7E-4,1
978,Undefined,0,0.00958,8
979,Undefined,0,0.00452,5
980,Undefined,0,5.3E-4,1
981,Undefined,0,0.00847,5
982,Undefined,0,0.00285,3
983,Undefined,0,7.6E-4,1
984,Undefined,0,0.00543,3
985,Undefined,0,0.00287,3
986,Undefined,0,0.00124,3
987,Undefined,0,0.00494,1
988,Undefined,0,0.00333,4
989,Undefined,0,0.0069,4
990,Undefined,0,0.00347,5
991,Undefined,0,4.4E-4,1
992,Undefined,0,0.00885,8
993,Undefined,0,0.00251,3
994,Undefined,0,0.00862,8
995,Undefined,0,0.00314,4
996,Undefined,0,0.00517,2
997,Undefined,0,0.00153,3
998,Undefined,0,0.00345,2
999,Undefined,0,0.00705,3
